refind,label,description,class,notes
âˆ…,,,,
1000,(speaker),,hum,
1001,(interviewer),,hum,
1003,Moreleigh,,loc,
1004,Churston,,loc,
1005,the choir,at Moreleigh,abs,
1006,we,speaker's family,hum,
1007,the priest,in Moreleigh,hum,
1008,mother,of speaker,hum,
1009,a letter,,inm,
1010,the priest,in Churston,hum,
1011,any member,of the church,hum,
1012,the church,,abs,
1013,a bike,,inm,
1014,Holston,,loc,
1015,the choir,at Churston,abs,
1016,the village school,,loc,
1017,Churston Cross,,loc,
1018,Churston Ferrers,,loc,
1019,the parish,,abs,
1020,Galmpton,,loc,
1021,the Churston side,,loc,
1022,Lord Churston,,hum,
1023,the Galmpton side,,loc,
1024,Blomiley family,,hum,
1025,the two villages,,abs,
1026,the Galmpton people,,hum,
1027,a chapel,in Galmpton,inm,
1028,Furzeham,,loc,
1029,Brixham Ward,,loc,
1030,a small part,of Galmpton,abs,
1031,South Hams,,loc,
1032,these alterations,,abs,
1033,we,speaker and people in Churston,hum,
1034,a parish council,,abs,
1035,the management,,abs,
1036,the rural district,,abs,
1037,parish meeting,,abs,
1038,the different views,,abs,
1039,the change,,abs,
1040,the Torbay Borough,,loc,
1041,which,being under 0040,abs,
1042,they,Torbay officials,hum,
1043,some great improvements,,abs,
1044,the Windy Corner,,loc,
1045,Churston Bridge,,inm,
1046,two more hiccups,,abs,
1047,that serious accident,,abs,
1048,it,,abs,
1049,school days,,tme,
1050,we,speaker and other students,hum,
1051,the bell,,inm,
1052,our hats,of 0050,inm,
1053,the porch,,loc,
1054,a really good schoomaster,Wesley Waidman,hum,
1055,that,0054 being the church warden,abs,
1057,sixty pupils,,hum,
1058,the boys,,hum,
1059,a woman teacher,,hum,
1060,that,0058 coming to Churston,abs,
1061,my daughter,of 0000,hum,
1062,the things,,abs,
1063,divisions,,abs,
1064,some fields,,loc,
1065,a farm,Lupton Barton,loc,
1066,the farmhouse,,inm,
1067,the cows,,anm,
1068,eighteen pence,,inm,
1069,that,farming,abs,
1070,my father,of 0000,hum,
1071,a farm,,loc,
1072,a trade,,abs,
1073,somebody,,hum,
1074,a job,in a shipyard,abs,
1075,a shipyard,Hugh Jackson and Son,loc,
1076,ships,,inm,
1077,the boss,at 0071,hum,
1078,your money,,abs,
1079,that,doubling 0078,abs,
1080,that,(events),abs,
1081,mi working,of 0000,abs,
1082,those animals,at 0071,anm,
1083,a pig,,anm,
1084,a toothache,,abs,
1085,one Saturday,,tme,
1086,the milk,,mss,
1087,the big house,Lupton House,loc,
1088,the milk,,mss,
1089,so much,milk,mss,
1090,the kitchen,,loc,
1091,so much,milk,mss,
1092,the still room,,loc,
1093,the still room maid,,hum,
1094,a shilling,,inm,
1095,Sunday morning,,tme,
1096,Brixham,,loc,
1097,this tooth,of 0000,bdp,
1098,the first doctor,,hum,
1099,his books,of 0098,inm,
1100,mi job,at 0071,abs,
1101,'t,life,abs,
1102,all the young calves,,anm,
1103,their mothers,of 0102,anm,
1104,a farmer,down Churston Court,hum,
1105,Churston Court,,loc,
1106,the church,in Churston,inm,
1107,one,cow,anm,
1108,they,owners of 0071,hum,
1109,the sale,,abs,
1110,shipyard building,,abs,
1111,the end,of the sale,abs,
1112,the back way,,abs,
1113,the gap,,loc,
1114,the railway line,,loc,
1115,the corner,,loc,
1116,this field,,loc,
1117,where,0000 got over the wall,loc,
1118,the wall,,inm,
1119,that,(events),abs,
1120,that,(events),abs,
1121,ship-wrighting,,abs,
1122,the shipwrights,,hum,
1123,an apprenticeship,,abs,
1124,we,speaker and shipwrights,hum,
1125,elm trees,,inm,
1126,each apprentice,,hum,
1127,the saw pit,,loc,
1128,a man,,hum,
1129,their,shipwrights,hum,
1130,steam saw,,inm,
1131,two seven-inch slices,,inm,
1132,the keel,,inm,
1133,the smaller timbers,,inm,
1134,a band saw,,inm,
1135,the curves,,abs,
1136,several boats,,inm,
1137,the list,of boats,abs,
1138,a fellow,,hum,
1139,a nail,,inm,
1140,cast iron nails,,inm,
1141,the wood,,inm,
1142,the hammer,,inm,
1143,the eye,of 0000,bdp,
1144,the sight,of speaker's eye,abs,
1145,the compensation,,abs,
1146,one,of the questions,abs,
1147,the questions,,abs,
1148,the accident,,abs,
1149,mi earnings,,abs,
1150,mi employers,,hum,
1151,the river,,loc,
1152,Samwell,,hum,
1153,(zero),Samwell's yard,loc,
1154,the Provident,a boat,inm,
1155,the man,,hum,
1156,six years,,abs,
1157,we,people at 0153,hum,
1158,our boys,apprentices at 0153,hum,
1159,the name,of the first yard,abs,
1160,them,people at 0075,hum,
1161,we,speaker and people at 0153,hum,
1162,three ships,,inm,
1163,a big yacht,the Sarina,inm,
1164,other trawlers,,inm,
1165,Oars Bank,,hum,
1166,the last,speaker heard of 0163,abs,
1167,war,the First World War,abs,
1168,one,of the balloons,inm,
1169,these balloons,,inm,
1170,the planes,,inm,
1171,that,(events),abs,
1172,that,(events),abs,
1173,another job,,abs,
1174,mi bike,of speaker,inm,
1175,Paignton,,loc,
1176,Livermead Cliff Hotel,,inm,
1177,they,people working on 0176,hum,
1178,an extension,,inm,
1179,the foreman,,hum,
1180,one Brixham chap,,hum,
1181,a message,,abs,
1182,mi tools,of speaker,inm,
1183,the keel,,loc,
1184,a hand-cart,,inm,
1185,mi tool box,,inm,
1186,this,(events),abs,
1187,eye,of foreman,bdp,
1188,the week,,tme,
1189,the end,of the week,tme,
1190,it,construction firm,abs,
1191,the job,,abs,
1192,they,people working on 0193,hum,
1193,old part,of 0194,inm,
1194,Torbay Hospital,,inm,
1195,the foreman,,hum,
1196,that job,at 0194,abs,
1197,the unemployment exchange,,loc,
1198,the man,in the exchange,hum,
1199,Mr Jackson,,hum,
1200,some repair jobs,,abs,
1201,the green card,,inm,
1202,another chap,,hum,
1203,we,speaker and people at 0075,hum,
1204,that job,,abs,
1205,the staging,,inm,
1206,the yard,,loc,
1207,the boat,,inm,
1208,this gear,,inm,
1209,there,,loc,
1210,any papers,,inm,
1211,those years,,tme,
1212,his house,of 0199,inm,
1213,the money,,inm,
1214,this paper,,inm,
1215,two boys,of 0000,hum,
1216,the wife,,hum,
1217,another job,,abs,
1218,the fine weather,,abs,
1219,the printers,,hum,
1220,some postcards,,inm,
1221,some big houses,,inm,
1222,the letter box,,inm,
1223,that,(events),abs,
1224,mi business,of speaker,abs,
1225,the sore thing,about it,abs,
1226,these young boys,,hum,
1227,two boys,,hum,
1228,the father,of one boy,hum,
1229,one,boy,hum,
1230,the other one,boy,hum,
1231,your father,of 0230,hum,
1232,three apprentices,,hum,
1233,it,working on their own,abs,
1234,that,(events),abs,
1235,a job,,abs,
1236,the labour exchange,,abs,
1237,it,(events),abs,
1238,freedom,of 0226,abs,
1239,one,of 0226,hum,
1240,shipbuilding days,of 0000,abs,
1241,apprentices,,hum,
1242,those,apprentices,hum,
1243,the picture,,inm,physical world object
1244,us,speaker and apprentices at 0075,hum,
1245,men,,hum,
1246,that,(events),abs,
1247,it,work,abs,
1248,a ship,,inm,
1249,'t,,inm,
1250,planking,,inm,
1251,planks,,inm,
1252,we,speaker and shipwrights,hum,
1253,steam kiln,,inm,
1254,your shoulder,of 0002,bdp,
1255,everybody,,hum,
1256,their cap,of 0255,inm,
1257,their shoulder,of 0255,bdp,
1258,that,(events),abs,
1259,the side,,loc,
1260,more planks,,inm,
1261,the edges,of the planks,inm,
1262,the caulking,,inm,
1263,the oakum,,mss,
1264,the joint,,inm,
1265,that,caulking space,abs,
1266,that,the job of caulking,abs,
1267,the term picking oakum,,abs,
1268,they,prisoners in -0270,hum,
1269,it,picking oakum,abs,
1270,Dartmoor gaol,,loc,
1271,rope,,inm,
1272,that,oakum,mss,
1273,the shipyards,,inm,
1274,our knee,of 0252,bdp,
1275,that,rolled-up 0272,mss,
1276,these joints,,loc,
1277,it,joint with oakum,inm,
1278,the last one,,abs,
1279,hawsing iron,,inm,
1280,one,shipwright,hum,
1281,the other,shipwright,hum,
1282,a pestle,,inm,
1283,it,oakum in joint,mss,
1284,red lead,,mss,
1285,pitch,,mss,
1286,that,(events),abs,
1287,Plymouth,,loc,
1288,the first ship,"0000 worked on, the Sea-Plane",inm,
1289,it,a part of 0287,loc,
1290,a gas works,,inm,
1291,the quay,,loc,
1292,they,workers,hum,
1293,the people,,hum,
1294,he,,hum,
1295,'en,breaking apart 0288,abs,
1296,dynamite,,inm,
1297,the pieces,of 0288,inm,
1298,that,the end of 0288,abs,
1299,a boat,,inm,
1300,the timber,,inm,
1301,that,time needed to build 0299,abs,
1302,repair jobs,,abs,
1303,they,ships,inm,
1304,the beach,in Brixham,loc,
1305,the stocks,,inm,
1306,some,ships,inm,
1307,new keels,,inm,
1308,new planks,,inm,
1309,a new boat,,inm,
1310,the boats,,inm,
1311,larger companies,,abs,
1312,Brian Palin,,hum,
1313,submarines,,hum,
1314,a bomb,,inm,
1315,them,ships,inm,
1316,the crew,,hum,
1317,the end of the War,of 0167,tme,
1318,this Provident,the second Provident,inm,
1319,the fishing industry,,abs,
1320,the Mediterranean,,loc,
1321,here,Devon,loc,
1322,the Maritime Trust,,hum,
1323,the Island Sailing Club,,abs,
1324,Salcombe,,loc,
1325,a trip,,abs,
1326,the south,of Ireland,loc,
1327,Ireland,,loc,
2000,(speaker),,hum,
2001,(interviewer),,hum,
2003,father,of 0000,hum,
2004,Sean North,employer of 0000,hum,
2005,Sittingbourne,,loc,
2006,Mr Trawley,employer of 0000,hum,
2007,Rodmersham,,loc,
2008,recollection,of 0000,abs,
2009,back of a waggon,of 0010,inm,
2010,an old waggon,,inm,
2011,mother,of 0000,hum,
2012,brother,of 0000,hum,
2013,sister,of 0000,hum,
2014,family,of 0000,hum,
2015,house,at Molash,inm,
2016,Molash,,loc,
2017,village shop,,inm,
2018,post office,,inm,
2019,tradespeople,,hum,
2020,Faversham,,loc,
2021,Canterbury,,loc,
2022,a pony,,anm,
2023,a horse,,anm,
2024,business,of 0019,abs,
2025,cart,of 0019,inm,
2026,ponies,,anm,
2027,farms,,loc,
2028,one of the ponies,,anm,
2029,us boys,speaker and his brother,hum,
2030,some of the ponies,,anm,
2031,a bit of paper,,inm,
2032,a tradesman,,hum,
2033,a horse,that shies,anm,
2034,a horse,that wasn't genuine,anm,
2035,Slippery Joe,,hum,
2036,Folkestone,,loc,
2037,agreement,between 0003 and 0035,abs,
2038,horses,,anm,
2039,France,,loc,
2040,people in France,,hum,
2041,horse meat,,inm,
2042,ferrets,,anm,
2043,twenty ferrets,,anm,
2044,the farm,of 0003,loc,
2045,grub,for 0042,inm,
2046,bread and milk,,inm,
2047,Selling Church,,loc,
2048,hand,of 0002,bdp,
2049,an old rope,,inm,
2050,other side,of 0051,loc,
2051,the hutch,,inm,
2052,the way,,abs,
2053,feeding ferrets,,abs,
2054,twenty ferrets,,anm,
2055,this chap,,hum,
2056,West Well,,loc,
2057,The Wheel,,loc,
2058,people in France,,hum,
2059,the vermin,,anm,
2060,the forests,in France,loc,
2061,that job,,abs,
2062,a contract,with 0063,abs,
2063,G. Webb and Company,,hum,
2064,head of poultry,,anm,
2065,the farms,,loc,
2066,sovereigns,,inm,
2067,price of chickens,,abs,
2068,these chicken,,anm,
2069,old hens,,anm,
2070,London,,loc,
2071,we,"speaker, his brother, and father",hum,
2072,pony and cart,,inm,
2073,two ponies,,anm,
2074,four-wheel van,,inm,
2075,two-wheel cart,,inm,
2076,a pig cart,,inm,
2077,a hole,in 0076,inm,
2078,small pigs,,anm,
2079,tailboard,of 0076,inm,
2080,one pig,,anm,
2081,another pig,,anm,
2082,pig carts,,inm,
2083,a pig,,anm,
2084,net,,inm,
2085,top,of 0076,inm,
2086,the first job,,abs,
2087,Jack Court's,,hum,
2088,Fisher Street,,loc,
2089,twelve little pigs,,anm,
2090,Ashford Market,,loc,
2091,a pony,,anm,
2092,Haynes,,hum,
2093,Haynes' auction,,loc,
2094,Stalisfield,,loc,
2095,some calves,,anm,
2096,the way,to 0090,abs,
2097,some man,,hum,
2098,Ford Thorps,,hum,
2099,the first place,,loc,
2100,threepence,,inm,
2101,the pony,,anm,
2102,two stables,,inm,
2103,Merrill's yard,,loc,
2104,people,at 0103,hum,
2105,Bank Street,,loc,
2106,Ford Thorps' auction,,loc,
2107,ears,of 0000,bdp,
2108,that,,abs,
2109,that,,abs,
2110,Mr Haynes,,hum,
2111,Ford Thorps and Haynes,,hum,
2112,a man,,hum,
2113,it,,abs,
2114,the way,,abs,
2115,these ponies,,anm,
2116,horses,,anm,
2117,horses,that aren't broken properly,anm,
2118,a cob,,anm,
2119,we,speaker and his father,hum,
2120,Tom Smith,,hum,
2121,the gate,of 0044,inm,
2122,ears,of 0118,bdp,
2123,a horse,,anm,
2124,ears,of 0123,bdp,
2125,the road,,loc,
2126,ash stick,,inm,
2127,ribs,of 0118,bdp,
2128,thirlpin,of 0075,inm,
2129,life,of 0000,abs,
2130,another pony,,anm,
2131,these horses,,anm,
2132,horse dealers,,hum,
2133,a horse,,anm,
2134,sovereigns,,inm,
2135,a man,,hum,
2136,court,,loc,
2137,that job,,abs,
2138,them days,,tme,
2139,farms,,loc,
2140,dealers,,hum,
2141,horses,out of London,anm,
2142,streets,in London,inm,
2143,people,in London,hum,
2144,one big horse,,anm,
2145,legs,of 0144,bdp,
2146,front legs,of 0144,bdp,
2147,the farms,in Kent,loc,
2148,the farmers,round about,hum,
2149,chaps,,hum,
2150,the mart,,loc,
2151,four horses,,anm,
2152,two horses,,anm,
2153,another farmer,,hum,
2154,one horse,,anm,
2155,two or three,of 0149,hum,
2156,a dozen old horses,out of London,anm,
2157,every pub,,loc,
2158,the train,,inm,
2159,a train,,inm,
2160,the donkey,,anm,
2161,gypsy,,hum,
2162,two old gypsies,,hum,
2163,a town somewhere,,loc,
2164,people,,hum,
2165,us,,hum,
2166,it,the story,abs,
2167,one gypsy,,hum,
2168,the guard,,hum,
2169,the guard's van,,inm,
2170,other gypsy,,hum,
2171,the train,,inm,
2172,back,of 0170,bdp,
2173,lives,of 0165,abs,
2174,the horses,on 0044,anm,
2175,people,,hum,
2176,the outlying farms,,inm,
2177,Eastwell Park Estate,,abs,
2178,Lord Grand,,hum,
2179,horse premises,,inm,
2180,little ponies,,anm,
2181,the other place,over the road,loc,
2182,two places,,loc,
2183,the money,to buy 0044,inm,
2184,speaker's parents,0003 and 0011,hum,
2185,three cottages,at 0044,inm,
2186,the bank,,hum,
2187,that,,abs,
2188,speaker's wife,,hum,
2189,contacts,,abs,
2190,all the business,,abs,
2191,pubs,,loc,
2192,a pub,,loc,
2193,a farm,,loc,
2194,John Norman,,hum,
2195,a pony,,anm,
2196,a pony,,anm,
2197,the man,,hum,
2198,warranty,given by 0197,abs,
2199,father and John Norman,,hum,
2200,the harness,,inm,
2201,a white handkerchief,,inm,
2202,farm,where 0195 stays,loc,
2203,nine horses out of ten,,anm,
2204,home,of 0203,loc,
2205,the yard,at 0204,loc,
2206,that side,of 0203,bdp,
2207,the whip,,inm,
2208,a long whip,,inm,
2209,ribs,of 0203,bdp,
2210,the horses,,inm,
2211,a waggonette,,inm,
2212,station,,loc,
2213,a business,,abs,
2214,the old parson,,hum,
2215,some other parson,,hum,
2216,people,,hum,
2217,Chilham Station,,loc,
2218,a smart turnout,,abs,
2219,a grey pony,named Jimmy,anm,
2220,people,,hum,
2221,church,,loc,
2222,choir,at 0221,abs,
2223,all the boys,in Molash,hum,
2224,parents,of 0223,hum,
2225,we,people in Molash,hum,
2226,the yeomanry,,abs,
2227,farmers,,hum,
2228,farmers' sons,,hum,
2229,a horse,,anm,
2230,three horses,,anm,
2231,these horses,,anm,
2232,five pound,,inm,
2233,the saddle,,inm,
2234,some horses,,anm,
2235,backs,of 0234,bdp,
2236,one horse,,anm,
2237,the field,,loc,
2238,a sheep hurdle,,inm,
2239,the middle,of the field,loc,
2240,that,0236 jumping 0238,abs,
2241,inside,of 0000,bdp,
2242,Tim Fennel,,hum,
2243,people,from the towns,hum,
2244,towns,,loc,
2245,Stan Howl,,hum,
2246,Drylands,,loc,
2247,one,horse for 0245,anm,
2248,one,horse for 0242,anm,
2249,Andy Fennel,,hum,
2250,one,horse for 0249,anm,
2251,six customers,,hum,
2252,'Fourteen War,the First World War,abs,
2253,horses,,anm,
2254,farmers,,hum,
2255,their own horses,,anm,
2256,they,people at 0266,hum,
2257,a hunter,,anm,
2258,that,going hunting,abs,
2259,the man,Haggary,hum,
2260,his son,of 0259,hum,
2261,Scotland,,loc,
2262,one of the cottages,at 0266,inm,
2263,the cottages,at 0266,inm,
2264,we,speaker and his wife,hum,
2265,these hedges,at 0266,inm,
2266,this farm,owned by 0000,loc,
2267,that orchard,at 0266,inm,
2268,this house,at 0266,inm,
2269,a meadow,,loc,
2270,cattle,,anm,
2271,sheep,,anm,
2272,the porch,of 0268,inm,
2273,the lawns,at 0266,inm,
2274,Lord Sourstone,,hum,
2275,wine,,mss,
2276,women,,hum,
2277,his wife,of 0259,hum,
2278,his son's wife,of 0259,hum,
2279,a little box,,inm,
2280,valuer,,hum,
2281,the table,,inm,
2282,there,,loc,
2283,there,,loc,
2284,guid book,,inm,
2285,a chapter,of 0284,abs,
2286,church,,loc,
2287,the old cow,,anm,
2288,the other farm,,loc,
2289,he,man at 0288,hum,
2290,they,bankers,hum,
2291,that,,abs,
2292,this,,abs,
2293,they,more bankers,hum,
2294,their agreements,of 0293,abs,
2295,we,speaker and his generation,hum,
2296,agents,before the current ones,hum,
2297,this lot,Strutts and Parkers,hum,
2298,five out of six,,hum,
2299,they,speaker's generation,hum,
2300,name,of 0013,abs,
2301,Boer War,,abs,
2302,Canterbury Market,,loc,
2303,a little old paper,,inm,
2304,records,,inm,
2305,dealings,of 0003,abs,
2306,here,head of 0003,bdp,
2307,head,of 0000,bdp,
2308,records,of 0000,abs,
2309,a Collin's notebook,,inm,
2310,word,of 0297,abs,
3000,(speaker),,hum,
3001,(interviewer),,hum,
3003,gypsies,,hum,
3004,backdoors,,loc,
3005,every cottage,,loc,
3006,pegs,,inm,
3007,women,,hum,
3008,clothes,,inm,
3009,eczema,,inm,
3010,eye,of 0000,bdp,
3011,one side,,loc,
3012,the doctor,,hum,
3013,us,speaker and his family,hum,
3014,ointments,,inm,
3015,an old gypsy,,hum,
3016,she,speaker's mother,hum,
3017,chemist,,hum,
3018,white copperas,,mss,
3019,that,bathing 0010 in 0018,abs,
3020,that,(events),abs,
3021,face,of 0000,bdp,
3022,people,,hum,
3023,we,speaker and others,hum,
3024,bad gypsies,,hum,
3025,good ones,,hum,
3026,one lot,"of gypsies, named Charles",hum,
3027,dad,of 0000,hum,
3028,a decent pony,,anm,
3029,an old grey horse,Buller,anm,
3030,we,speaker and his father,hum,
3031,Earl Sourstone,,hum,
3032,this farm,next door,loc,
3033,here,speaker's current farm,loc,
3034,Molash,,loc,
3035,a letter,,inm,
3036,a man,,hum,
3037,Street End Farm,,loc,
3038,they,people at 0037,hum,
3039,she,owner of 0037,hum,
3040,Germany,,loc,
3041,life,of 0029,abs,
3042,this cart,,inm,
3043,the harness,,inm,
3044,groom,of 0037,hum,
3045,the tackle,,inm,
3046,nosebags,,inm,
3047,flynet,,inm,
3048,people,,hum,
3049,weddings,,abs,
3050,old man,General Buller,hum,
3051,Boer War,,abs,
3052,the name,of 0029,abs,
3053,the road,up from the farm,inm,
3054,the little paddock,,loc,
3055,humane killers,,inm,
3056,them,horses,anm,
3057,forehead,,bdp,
3058,the carcass,of 0029,inm,
3059,horse meat,,mss,
3060,'Fourteen War,the First World War,abs,
3061,the last war,the Second World War,abs,
3062,friend,of 0000,hum,
3063,Ned Coleman,,hum,
3064,that,(events),abs,
3065,you boys,speaker and Ned Cole,hum,
3066,a good lunch,,inm,
3067,a sale,,abs,
3068,some sheep,of 0062,anm,
3069,we,speaker and friends,hum,
3070,the Bull Hotel,,loc,
3071,Sittingbourne,,loc,
3072,all they got,whale meat,inm,
3073,whale meat,,mss,
3074,bully beef,,mss,
3075,horses,,anm,
3076,life,of speaker,abs,
3077,special remedies,,inm,
3078,horse medicines,,inm,
3079,pony,,anm,
3080,a horse,,anm,
3081,the farm,of 0027,loc,
3082,a pair of horses,,anm,
3083,a man,,hum,
3084,this horse,,anm,
3085,chicken,,anm,
3086,seven sovereigns,,inm,
3087,a woman,,hum,
3088,Challock,,loc,
3089,Halfway House,,loc,
3090,some chicken,,anm,
3091,three sovereigns,,inm,
3092,two sovereigns,,inm,
3093,it,lost sovereign,inm,
3094,pocket,of 0000,inm,
3095,neighbour,"of 0000, a blacksmith",hum,
3096,a pony,of 0095,anm,
3097,the harness,of 0096,inm,
3098,cart,of 0096,inm,
3099,we,speaker and 0096,hum,
3100,the binder,neighbour of speaker at 0081,hum,
3101,the corn,,inm,
3102,seven acres,of arable land,inm,
3103,the horses,,anm,
3104,we,speaker and contemporaries,hum,
3105,there,corn field,loc,
3106,a horse,,anm,
3107,van,for 0106,inm,
3108,brother,of 0000,hum,
3109,those oats,,mss,
3110,we,speaker and brother,hum,
3111,they,father and brother,hum,
3112,sheaves,of oats,inm,
3113,this end,,loc,
3114,the corner,,inm,
3115,it,(events),abs,
3116,a little piece of ground,,inm,
3117,a cottage,on 0116,inm,
3118,Chilham Castle,,hum,
3119,Sir Ernest Davies,son of 0118,hum,
3120,Lord Grand,,hum,
3121,somebody,,hum,
3122,the foundations,of 0117,inm,
3123,horses,,anm,
3124,old bike,of 0000,inm,
3125,the fairs,,abs,
3126,Badlesmere Fair,,abs,
3127,Throwley Fair,,abs,
3129,Challock Fair,,abs,
3130,the four fairs,,abs,
3131,Whitstable,,loc,
3132,bushel of whelks,,inm,
3133,the whelks,,mss,
3134,the copper,,inm,
3135,us kids,speaker and siblings,hum,
3136,shells,of 0133,inm,
3137,whelk stall,,inm,
3138,plates,for whelks,inm,
3139,the fair,,abs,
3140,that,(events),abs,
3141,dealer boys,,hum,
3142,what whelks,were left,mss,
3143,that,(events),abs,
3144,roundabouts,,inm,
3145,coconut shies,,inm,
3146,ordinary fairs,,abs,
3147,these,stalls,inm,
3148,there,home of 0026,loc,
3149,all manner of yarns,,abs,
3150,some meal,,inm,
3151,he,one of Charles,hum,
3152,(zero),hedgehog,inm,
3153,the spikes,,bdp,
3154,some clay,,mss,
3155,it,hedgehog,mss,
3156,a joint of meat,,inm,
3157,Canterbury,,loc,
3158,the old butcher's,,loc,
3159,a big joint,,inm,
3160,a proper fry-up,,abs,
3161,the rabbits,,anm,
3162,a rabbit,,anm,
3163,thousands of rabbits,,anm,
3164,pheasants,,anm,
3165,that,agreement,abs,
3166,what rabbits,we liked,anm,
3167,our field,,loc,
3168,corn,,inm,
3169,eighteen,pheasants,anm,
3170,garden,of 0000,loc,
3171,spring greens,of 0000 in 0170,inm,
3172,the syndicate,,hum,
3173,they,groundskeepers,hum,
3174,he,the keeper,hum,
3175,a motorbike,,inm,
3176,the chap,,hum,
3177,the road,from 0033,inm,
3178,our lane,from 0033,loc,
3179,the field,,loc,
3180,the hedge,,inm,
3181,a bag,,inm,
3182,a dozen pheasants,,inm,
3183,(zero),father of 0176,hum,
3184,a pub,of 0183,inm,
3185,the wood,,loc,
3186,a rabbit,,anm,
3187,they,rabbits,anm,
3188,deer,,anm,
3189,snares,,inm,
3190,a good old retriever dog,,anm,
3191,these gun dogs,,anm,
3192,silver watch and chain,,inm,
3193,a load of chicken,,anm,
3194,Boughton,,loc,
3195,The King's Head,,loc,
3196,a chicken,,anm,
3197,twelve tickets,,inm,
3198,that,a ticket,inm,
3199,a dozen,chickens,anm,
3200,enough money,,mss,
3201,a load of rabbits,,anm,
3202,a job for you,,abs,
3203,one,rabbits,anm,
3204,mi uncle,,hum,
3205,one,of 0206,hum,
3206,the toffs,,hum,
3207,there,,loc,
3208,swinging targets,,inm,
3209,as many shots,,inm,
3210,a card,,inm,
3211,this chap,,hum,
3212,these rabbits,,anm,
3213,old muzzle-loading gun,,inm,
3214,the old powder,,mss,
3215,a bit of paper,,inm,
3216,some shots,,inm,
3217,cap,,inm,
3218,the trigger,,inm,
3219,these shoots,,abs,
3220,that,(events),abs,
3221,a cancer,,inm,
3222,his stomach,,bdp,
3223,this house,at 0033,inm,
3224,the bedroom,in 0223,loc,
3225,there,(?),loc,
3226,that,(?),abs,
3227,this old king beam,,inm,
3228,Badlesmere,,loc,
3229,the fair,,abs,
3230,the kids,,hum,
3231,the adults,,hum,
3232,their stock,,inm,
3233,the farms,of 0231,loc,
3234,(zero),children,hum,
3235,Canterbury Fair,,loc,
3236,Faversham Carnivals,,loc,
3237,our money,,inm,
3238,money enough,to buy out 0081,inm,
3239,the field,at 0081,loc,
3240,a pair of horses,,anm,
3241,another job,,abs,
3242,Wye,,loc,
3243,quit rent,,abs,
3244,the Lord of the Manor,,hum,
3245,that fresh mare,,anm,
3246,the pub,,inm,
3247,Charing,,loc,
3248,a man,,hum,
3249,a feed firm,,abs,
3250,a receipt,,inm,
3251,a lunch,,inm,
3252,tenants,of 0120,hum,
3253,the cart,,inm,
3254,a wall,,inm,
3255,somebody,,hum,
3256,harness,of 0245,inm,
3257,the cart,,inm,
3258,the wall,,inm,
3259,old Slippery,,hum,
3260,a cousin,,hum,
3261,Folkestone,,loc,
3262,a four-in-hand,,inm,
3263,Dover,,loc,
3264,we,speaker and man,hum,
3265,we,speaker and others in 0246,hum,
3266,a table,,inm,
3267,dinner,,inm,
3268,each plate,,inm,
3269,a little green glass,,inm,
3270,a bottle of ale,,inm,
3271,some wine,,mss,
3272,the health,of the Queen,abs,
3273,Queen Elizabeth,,hum,
3274,Queen Victoria,,hum,
3275,King Edward,,hum,
3276,the health,of the King,abs,
3277,them,little green glasses,inm,
3278,the health,of the Lord of the Manor,abs,
3279,the health,of somebody else,abs,
3280,three or four,,hum,
3281,the health,of 0280,abs,
3282,some beer,,mss,
3283,this old room,,inm,
3284,a chap,,hum,
3285,they,,hum,
3286,this josseler chap,at 0246,hum,
3287,they,people at 0242,hum,
3288,the yard,of 0081,loc,
3289,(zero),(events),abs,
3290,they,,hum,
3291,quit rent,,abs,
3292,one cottage,in Molash,inm,
3293,the other house,in Molash,inm,
3294,cobs,,anm,
3295,four or five,of 0294,anm,
3296,Butcher's farm,,loc,
3297,the agent,,hum,
3298,three acres,,abs,
3299,Sir Wayne Bolton,,hum,
3300,that,parcels of land,inm,
3301,three cottages,,inm,
3302,the other land,,inm,
3303,they,(?),hum,
3304,thirty-one,,inm,
3305,land,,inm,
3306,two acres of orchard,,inm,
3307,Adam,,hum,
3308,the main road,,inm,
3309,that,(events),abs,
3310,our own corn,,mss,
3311,oats,,mss,
3312,his horses,of 0027,anm,
3313,hay,,mss,
3314,that,crops,mss,
3315,a farm,,inm,
3316,your corn,,mss,
3317,that,(advice),abs,
3318,it,using all crops,abs,
3319,sixty acres,,inm,
3320,that,(events),abs,
3321,an old pony,,anm,
3322,the rest,of the land,anm,
3323,the horses,on 0081,anm,
3324,a couple of good horses,,anm,
3325,the same horses,,anm,
3326,one of them,,anm,
3327,another one,,anm,
3328,one,horse,anm,
3329,four,horses,anm,
3330,marks,of biting,inm,
3331,shoulder,of 0000,bdp,
3332,a horse,,anm,
3333,marks,,inm,
3334,a horse,,anm,
3335,there,eye of 0000,bdp,
3336,that eye,of 0000,bdp,
3337,'em,horses,anm,
3338,the legs,of horses,bdp,
3339,that,(events),abs,
3340,a good job,,abs,
3341,post office,,inm,
3342,the children,,hum,
3343,Sunday School,,loc,
3344,the parson,,hum,
3345,the choir,,abs,
3346,horse dealers,,hum,
3347,them,buyers of horses,hum,
3348,a horse,,anm,
3349,a man,,hum,
3350,a horse,,anm,
3351,a man,,hum,
3352,that job,,abs,
3353,a lot of pigs,,anm,
3354,a few sheep,,anm,
3355,the lambing,,abs,
3356,Adam's,farm,loc,
3357,a lamb,,anm,
3358,a ewe,,anm,
3359,the lambs,,anm,
3360,market,,loc,
3361,neighbour,at Molash,hum,
3362,Ashford,,loc,
3363,two sheep,,anm,
3364,back,,inm,
3365,cart,of 0361,inm,
3366,men,,hum,
3367,that,(events),abs,
3368,the man,Gregory Veer,hum,
3369,we,speaker and wife,hum,
3370,men,,hum,
3371,that,setting 0371 out,abs,
3372,wurzel,,inm,
3373,ten,of 0372,inm,
3374,one,of 0372,inm,
3375,the other nine,of 0372,inm,
3376,a man,,hum,
3377,it,,abs,
3378,old hoe,,inm,
3379,son,of 0000,hum,
3380,grandson,of 0000,hum,
3381,they,,hum,
3383,we,,hum,
3384,automatic drills,,inm,
3385,one,of 0372,inm,
3386,electric drill,,inm,
3387,swedes,,inm,
3388,we,,hum,
3389,the old ones,,inm,
3390,Tetts',,hum,
3391,Faversham,,loc,
3392,this chap,the manager at 0390,hum,
3393,this blooming thing,,inm,
3394,a three,a shim,inm,
3395,'em,(?),inm,
3396,the rows,,inm,
3397,three rows,,inm,
3398,one,,inm,
3399,plate,,inm,
3400,the row,,inm,
3401,one,,inm,
3402,three rows,,inm,
3403,(zero),order placed by 0000,abs,
3404,that,(events),abs,
3405,there,speaker's earlier farm,inm,
3406,a new corn drill,,inm,
3407,first man,Paulson,hum,
3408,grey peas,,mss,
3409,my grey peas,of 0407,mss,
3410,that,(events),abs,
3411,it,repairing,abs,
3412,that,cost,inm,
3413,the repairs,,abs,
3414,the peas,today,mss,
3415,the sheep,,anm,
3416,pigs,,anm,
3417,little pigs,,anm,
3418,a bit of grey peas,,mss,
3419,(zero),grow grey peas,abs,
3420,a bit of oats,,mss,
3421,pigs,of 0027,anm,
3422,old miller,,hum,
3423,old horse,of 0422,anm,
3424,cart,of 0422,inm,
3425,a bag,of sharps,inm,
3426,sharps,,mss,
3427,barley meal,,mss,
3428,mangel,wurzel,inm,
3429,old sows,,anm,
3430,horses,,anm,
3431,one,of 0428,inm,
3432,one,of 0428,inm,
3433,the manger,,inm,
3434,the others,,anm,
3435,theirs,,inm,
3436,pigs,,anm,
3437,swine fever,,abs,
3438,a case,of 0437,abs,
3439,it,farm where 0438 happened,loc,
3440,the police,,hum,
3441,the ministry,,hum,
3442,an old sow,,anm,
3443,this,(events),abs,
3444,purple spots,,inm,
3445,skin,of 0442,bdp,
3446,a bloke,,hum,
3447,we,,hum,
3448,gun,of 0000,inm,
3449,that,(events),abs,
3450,chicken house,,inm,
3451,forehead,of 0442,bdp,
3452,organs,of 0442,bdp,
3453,the rest,of 0442,bdp,
3454,an order,,abs,
3455,a bushel of lime,,inm,
3456,four and six,,inm,
3457,that,burying 0442,abs,
3458,that,bushel of lime,inm,
3459,a chap,Brian Connor,hum,
3460,a runagate chap,,hum,
3461,there,hole,loc,
3462,the top,of 0459's head,inm,
3463,head,of 0459,bdp,
3464,the corner,,loc,
3465,the top,of 0461,loc,
3466,it,,inm,
3467,that,,abs,
3468,a lot of moles,,anm,
3469,these traps,for moles,inm,
3470,they,buyers of moleskins,hum,
3471,a dozen,moleskins,inm,
3472,London,,loc,
3473,one,of 0469,inm,
3474,there,field with moles,loc,
3475,a run,,inm,
3476,runs,,inm,
3477,we,speaker and Brian Connor,hum,
3478,The George,a pub,loc,
3479,that night,,tme,
3480,this morning,,tme,
3481,a chap,,hum,
3482,his pocket,of 0459,inm,
3483,all this,(events),abs,
3484,we,speaker and interviewer,hum,
3485,moleskin dresses,,inm,
3486,rabbit's pelts,,inm,
3487,a rabbit skin,,inm,
3488,the shot marks,,inm,
3489,a fox skin,,inm,
3490,a fox,,anm,
3491,a hare wire,,inm,
3492,snares,,inm,
3493,hares,,anm,
3494,there,place where 0491 is,loc,
3495,the head,of the fox,bdp,
3496,that,(events),abs,
3497,we,speaker and fox,hum,
3498,mi gun,of 0000,inm,
3499,a gun,,inm,
3500,the skin,of 0490,bdp,
3501,a great hole,in 0500,inm,
3502,a deer,,anm,
3503,a snare,,inm,
3504,there,place where 0503 is,loc,
3505,a beautiful Labrador dog,,anm,
3506,bristles,of 0505,bdp,
3507,some crashing,,abs,
3508,there,place where 0502 is,loc,
3509,horns,of 0502,bdp,
3510,head,of 0502,bdp,
3511,neck,of 0502,bdp,
3512,knife,,inm,
3513,one front leg,of 0502,bdp,
3514,one back leg,of 0502,bdp,
3515,back,of 0502,bdp,
3516,a cartridge,,inm,
3517,claw,of 0502,bdp,
3518,guts,of 0000,bdp,
3519,that,(events),abs,
3520,they,deer,anm,
3521,claws,of deer,bdp,
3522,that,(events),abs,
3523,butcher,,hum,
3524,that,selling 0502 to 0523,abs,
3525,the cart,,inm,
3526,fifteen bob,,inm,
3527,that,(events),abs,
3528,land,,abs,
3529,the wood,,loc,
3530,it,poaching,abs,
3531,mother's shop,,inm,
3533,a man,previous owner of 0531,hum,
3534,the corner,of the village,loc,
3535,the job,at 0532,abs,
3536,they,post officials,hum,
3537,a pound,,inm,
3538,them days,,tme,
3539,a lot of writing,,abs,
3540,the postman,,hum,
3541,the letters,,inm,
3542,that,(events),abs,
3543,sister,of 0000,hum,
3544,more sweets,,mss,
3545,'baccer,of 0027,mss,
3546,cigarettes,of 0000,inm,
3547,a chap,,hum,
3548,a cigarette case,,inm,
3549,sisters,of 0000,hum,
3550,name,of 0000,abs,
3551,address,of 0000,abs,
3552,a friend,of 0000,hum,
3553,dad,of 0552,hum,
3554,Players,,inm,
3555,Woodbines,,inm,
3556,five cigarettes,,inm,
3557,five holders,,inm,
3558,(zero),0556 and 0557,inm,
3559,cigarette,,inm,
3560,funnel,,inm,
3561,bought,cigarettes,inm,
3562,cigarettes,of 0000,inm,
3563,a pipe,,inm,
3564,a load of 'baccer,,mss,
3565,a pipe of 'baccer,,inm,
3566,a cigar end,,inm,
3567,cigars,,inm,
3568,a big'un,,inm,
3569,the end,of 0568,inm,
3570,the pipe,,inm,
3572,standing order,,abs,
3573,the shop here,,inm,
3574,four packets,of cigars,inm,
3575,(zero),(events),abs,
3577,some of'em,,hum,
3578,it,smoking,abs,
3579,school,,loc,
3580,we,speaker and another child,hum,
3581,a packet of Woodbines,,inm,
3582,us,speaker and other children,hum,
3583,a penny,,inm,
3584,governor,,hum,
3585,women,,hum,
3586,those days,,tme,
3587,a woman,,hum,
3588,the hop garden,,loc,
3589,London women,,hum,
3590,every farm,,inm,
3591,East Kent,,loc,
3592,a bit of hops,,mss,
3593,hopper huts,,loc,
3594,we,"speaker, Mother, and brother",hum,
3595,a basket,,inm,
3596,a basket each,,inm,
3597,that,this field,inm,
3598,that,0597 being all hops,abs,
3599,they,hop picking organizers,hum,
3600,a quantity,,abs,
3601,a bigger piece,,abs,
3602,old basket,,inm,
3603,a bag,,inm,
3604,a chit,a piece of paper,inm,
3605,one,basket full of hops,inm,
3606,three,baskets,inm,
3607,it,pay for hop picking,inm,
3608,'em,bags full of hops,inm,
3609,the brewery,,loc,
3610,the breweries,,inm,
3611,barley,,mss,
3612,a bit of barley,,mss,
3613,six shillings,,inm,
3614,six acres of barley,,inm,
3615,that,(events),abs,
3616,the other place,,loc,
3617,the first cottage,,loc,
3618,it,barley,mss,
3619,the corn,,mss,
3620,foot,,bdp,
3621,armful,of barley,mss,
3622,'em,binds of barley,inm,
3623,a straw,,inm,
3624,scythe,of 0027,inm,
3625,the barn,,loc,
3626,it,harvesting the barley,abs,
3627,a neighbour,,hum,
3628,a neighbour,,hum,
3629,a bit of barley,,mss,
3630,a barrel of beer,,inm,
3631,the old dealer boys,,hum,
3632,a drop of beer,,mss,
3633,beer,,mss,
3634,the kitchen window,,inm,
3635,some wine,,mss,
3636,the bottle,of wine,inm,
3637,they,speaker's Mother and Father,hum,
3638,that,(events),abs,
3639,seasonal work,,abs,
3640,hop picking,,abs,
3641,cherry picking,,abs,
3642,apple picking,,abs,
3643,stone picking,,abs,
3644,stones,,inm,
3645,the roads,,inm,
3646,they,people paying for stones,hum,
3647,wife,of 0000,hum,
3648,the stones,Father paid for,inm,
3649,that,pulling sugar beets,abs,
3650,arthritis,,abs,
3651,hands,,bdp,
3652,they,family of speaker's wife,hum,
3653,two cottages,,inm,
3654,the farmhouse,,inm,
3655,the cottage,,inm,
3656,Throwley,,loc,
3657,the General Strike,,abs,
3658,a hundred pound,,abs,
3659,two hundred pounds,of stock,abs,
3660,the first year,,tme,
3661,the next year,,tme,
3662,the next year,,tme,
3663,that,"0660, 0661, 0662",abs,
3664,the bank,,loc,
3665,him,bank clerk,hum,
3666,a cheque,,inm,
3667,cheques,,inm,
3668,(zero),writing cheques,abs,
3669,that,(events),abs,
3670,they,bank managers,hum,
3671,the farms,,inm,
3672,farmers,,hum,
3673,mi job,of 0000,abs,
4000,(speaker),,hum,
4001,(interviewer),,hum,
4003,life story,of 0000,abs,
4004,Benenden,,loc,
4005,Standen Street,,loc,
4006,Leaden House,,inm,
4007,father,of 0000,hum,
4008,Wesley family,,hum,
4009,job,of 0007,abs,
4010,all other men,,hum,
4011,these farms,,loc,
4012,the cows,,anm,
4013,pigs,,anm,
4014,there,,loc,
4015,it,work,abs,
4016,a full bucket,,inm,
4017,bullocks,,anm,
4018,the chaff,,mss,
4019,an old horse,Boxer,anm,
4020,the house,,inm,
4021,the wood,,inm,
4022,the letters,,inm,
4023,the postman,,hum,
4024,a carter boy,,hum,
4025,the old carter,Mr Barnes,hum,
4026,the horses,,anm,
4027,the job,with 0025,abs,
4028,them days,,tme,
4029,anything,,abs,
4030,his mouth,of Boxer,bdp,
4031,the face,of Boxer,bdp,
4032,the butt,of the whip,inm,
4033,the whip,,inm,
4034,we,speaker and 0025,hum,
4035,the ploughing,,abs,
4036,the old mare,Violet,anm,
4037,her name,of 0036,abs,
4038,her tail,of 0036,bdp,
4039,the end,of 0038,bdp,
4040,the wind,,abs,
4041,the end,of a field,loc,
4042,her job,of 0036,abs,
4043,the furrow,,loc,
4044,a field,,inm,
4045,the lower end,of the farm,inm,
4046,the farm,of 0008,inm,
4047,that,ploughing 0044,abs,
4048,what jobs,,abs,
4049,their beds,of 0026,inm,
4050,hop picking time,,abs,
4051,they,farmers,hum,
4052,hops,,mss,
4053,Cranbrook station,,loc,
4054,the first,at 0053,hum,
4055,nose bag,,inm,
4056,that,(events),abs,
4057,that night,,tme,
4058,hops,,inm,
4059,Hartley pub,,loc,
4060,one load,,inm,
4061,the other,,inm,
4062,some,,inm,
4063,'em,,inm,
4064,the forest and green,,loc,
4066,a load,of brush,mss,
4067,brush,,mss,
4068,hop pickers,,hum,
4069,their fires,,inm,
4070,the wood,,loc,
4071,a load of hops,,inm,
4072,that,(events),abs,
4073,that,(events),abs,
4074,it,work,abs,
4075,my chums,of 0000,hum,
4076,a few shillings,,inm,
4077,something to spend,,inm,
4078,mother,of speaker,hum,
4079,a little money,,inm,
4080,we,speaker and his family,hum,
4081,a few coppers,,inm,
4082,my employer,of speaker,hum,
4083,a fresh job,,abs,
4084,that,(events),abs,
4085,life,of speaker,abs,
4086,my brother,Bob,hum,
4087,a job,,abs,
4088,Cranbrook,,loc,
4089,Mr Chopman,,hum,
4090,Mr Rickman,,hum,
4091,his wife,of 0090,hum,
4092,them,0090 and 0091,hum,
4093,my lodgings,,abs,
4094,that,(events),abs,
4095,my boots,of speaker,inm,
4096,that,(events),abs,
4097,much,,inm,
4098,my clothes box,of speaker,inm,
4099,my boots,,inm,
4100,a new pair of boots,,inm,
4101,foot,of speaker,bdp,
4102,Marchant and Tubbs,,loc,
4103,my clothes,of 0090,inm,
4104,'im,manager at 0102,hum,
4105,what money,,inm,
4106,the rest,,abs,
4107,this pair of boots,,inm,
4108,his jacket,of 0090,inm,
4109,this half a crown,,inm,
4110,a few shillings,,inm,
4111,mi shirts,of speaker,inm,
4112,his young days,,tme,
4113,we,0090 and his family,hum,
4114,Mother,of 0090,hum,
4115,us,0090 and his siblings,hum,
4116,the breakfast,,inm,
4117,the house,,inm,
4118,one,of 0115,hum,
4119,a job,,abs,
4120,another one,of 0115,hum,
4121,that,(events),abs,
4122,a barrel of brimstone,,inm,
4123,the waggon,,inm,
4124,the oast house,,inm,
4125,we,speaker and 0090,hum,
4126,one mare,,anm,
4127,two old oxen,,anm,
4128,George Head,,hum,
4129,the buildings,,inm,
4130,we,speaker and 0128,hum,
4131,the orchard,,loc,
4132,the gate,,inm,
4133,the yoke,,inm,
4134,one of 'em,"Winch, the off-side bullock",anm,
4135,the end,of the yoke,inm,
4136,the bow,of the yoke,inm,
4137,Winder,,anm,
4138,that,(events),abs,
4139,that job,yoking oxen,abs,
4140,the cart,,inm,
4141,the nib,,inm,
4142,the old pole,,inm,
4143,the plug,of the yoke,inm,
4144,one thing,,abs,
4145,that bit of thong,,inm,
4146,that,(events),abs,
4147,the yard,,loc,
4148,some litter,,mss,
4149,the post,,inm,
4150,that,(events),abs,
4151,that,(events),abs,
4152,they,speaker's employers,hum,
4153,an old horse,Captain,anm,
4154,the corn,,mss,
4155,a long pole,,inm,
4156,the roll,,inm,
4157,the dredge,,inm,
4158,(zero),animals,anm,
4159,Sissinghurst Castle,,inm,
4160,Bettingham Farm,,inm,
4161,there,,loc,
4162,one,of the workmen,hum,
4163,the workmen,,hum,
4164,the old tower,,inm,
4165,that,home of speaker in 0164,loc,
4166,that,(events),abs,
4167,all sorts of tales,,abs,
4168,first wife,of speaker,hum,
4169,we,speaker and his wife,hum,
4170,a little dog,Stumpy,anm,
4171,the door,of 0165,inm,
4172,the top,,loc,
4173,bedroom,,loc,
4174,the mouth,of 0170,bdp,
4175,mi arms,of speaker,bdp,
4176,tales,,abs,
4177,a dog,,anm,
4178,these things,,abs,
4179,a human being,,hum,
4180,here,current home of speaker,loc,
4181,Benenden,,loc,
4182,eighty-seventh birthday,of speaker,abs,
4183,twenty yards,,inm,
4184,my garden,,inm,
4185,oxen,,anm,
4186,a horse,,anm,
4187,they,horses,anm,
4189,some,,anm,
4190,a bullock,,anm,
4191,we,speaker and contemporaries,hum,
4192,two,oxen,anm,
4193,the off-bullock,,anm,
4194,his name,of 0193,abs,
4195,his mate,,anm,
4196,all the others,oxen,anm,
4197,that,(events),abs,
4198,a bit of ground,,inm,
4199,one,plough,inm,
4200,plough,,inm,
4201,the horses,,anm,
4202,the furrow,,inm,
4203,the edge,of the furrow,loc,
4204,the oxen,,anm,
4205,the plough,,inm,
4206,the end,of the field,loc,
4207,a horse,,anm,
4208,they,oxen and horses,anm,
4209,front foot,of oxen,bdp,
4210,hind foot,of oxen,bdp,
4211,a bullock,,anm,
4212,that,(events),abs,
4213,the ground,,inm,
4214,such holes,,inm,
4215,the yards,,loc,
4216,the manure,,mss,
4217,them old bullocks,,anm,
4218,one,of the oxen,anm,
4219,his belly,of an ox,bdp,
4220,the cart,,inm,
4221,the weight,,abs,
4222,their neck,,bdp,
4223,the one,on top,anm,
4224,the other one,,anm,
4225,a horse,,anm,
4226,that,(events),abs,
4227,his cart,of 0225,inm,
4228,they,the Chopman brothers,hum,
4229,we,speaker and other employees of 0228,hum,
4230,it,the stumps around the field,inm,
4231,the field,,loc,
4232,stump,,inm,
4233,stump,,inm,
4234,the outside,of the field,loc,
4235,the edge,of the field,loc,
4236,a short corner,of the field,loc,
4237,spades,,inm,
4238,they,other farmers,hum,
4239,the corners,of the field,loc,
4240,wage,of a workman,abs,
4241,some farms,,loc,
4242,they,employers at 0241,hum,
4243,them,workmen,hum,
4244,thirteen shillings,,inm,
4245,a man,,hum,
4246,his wife,,hum,
4247,family,,hum,
4248,a team of oxen,,anm,
4249,a sway,,abs,
4250,it,ploughing with oxen,abs,
4251,properly worked horses,,anm,
4252,a pair of oxen,,anm,
4253,a post,,inm,
4254,the yoke,,inm,
4255,something heavy,,inm,
4256,the other old oxen,,anm,
4257,them,three oxen,anm,
4258,their old tongues,of the oxen,bdp,
4259,a stream,,inm,
4260,a little old tin,,inm,
4261,a bottle,,inm,
4262,drop of water,,mss,
4263,their ear,,bdp,
4264,that,(events),abs,
4265,the beginning,,tme,
4266,the last war,the Second World War,tme,
4267,these tractors,,inm,
4268,here,Kent,loc,
4269,the south of England,,loc,
4270,England,,loc,
4271,a photograph,of Winch and Winder,inm,
4272,them two old oxen,Winch and Winder,anm,
4273,certain parts,of the country,loc,
4274,they,people in 0273,hum,
4275,a photograph,,inm,
4276,the paper,,inm,
4277,a man,,hum,
4278,two,oxen,anm,
4279,a ploughing match,,abs,
4280,a line,,inm,
4281,ZERO,a line,inm,
4282,it,(events),abs,
4283,ploughing matches,,abs,
4284,a ploughing match,,abs,
4285,our oxen,,anm,
4286,the horse show,,loc,
4287,a couple,of oxen,anm,
4288,hop poles,,inm,
4289,the baker,Mr Dinker,hum,
4290,the cart,,inm,
4291,'em,half a cord of chopped hop poles,inm,
4292,a cart,,inm,
4293,Cranbrook town,,loc,
4294,Stone Street,,loc,
4295,his shop,of 0289,inm,
4296,his bakehouse,of 0289,loc,
4297,that,(events),abs,
4298,the street,,loc,
4299,their cud,of 0272,mss,
4300,great big horns,of 0272,bdp,
4301,the old wagoners,,hum,
4302,special little remedies,,inm,
4303,tricks,,abs,
4304,secrets,,abs,
4305,a secret,,abs,
4306,those great big stallion horses,,anm,
4307,the breeding time,,tme,
4308,it,(events),abs,
4309,a man,,hum,
4310,a chap,,hum,
4311,the field,,loc,
4312,one,stallion,anm,
4313,his head,of the stallion,bdp,
4314,his inside,of the chap,bdp,
4315,a line,,inm,
4316,the off-side,of a stallion,loc,
4317,a stallion,,anm,
4318,his head,of the stallion,bdp,
4319,the real secret,,abs,
4320,a foal,,anm,
4321,books,,inm,
4322,its tongue,,bdp,
4323,the spearmint,,inm,
4324,mare,,anm,
4325,they,mares,anm,
4326,them,foals,anm,
4327,the zebras,giving birth,anm,
4328,pictures,of zebras,inm,
4329,their foal,of zebras,anm,
4330,they,writers of 0321,hum,
4331,the colt,,anm,
4332,mouth,of 0331,bdp,
4333,mouth,of 0320,bdp,
4334,an oil,press,inm,
4335,oil of rhodium,,mss,
4336,an oil,made of 0323,mss,
4338,the horse,,anm,
4339,bit,of 0337,inm,
4340,a little bit,of 0336,mss,
4341,clothes,,inm,
4342,he,a stallion,anm,
4343,that book,,inm,
4344,a book,The Pattern Beneath the Fur,inm,
4345,the old methods,,abs,
4346,the West Country,,loc,
4347,these old men,,hum,
4348,these here ghosts,,inm,
4349,the things,in 0344,abs,
4350,Kent,,loc,
4351,the same sort,of practices,abs,
4352,an old frog,,anm,
4353,that,(events),abs,
4354,their idea,,abs,
4355,frogs,,anm,
4356,an old log of wood,,inm,
4357,the bone,of 0352,bdp,
4358,the wishbone,,bdp,
4359,that,powdered 0357,mss,
4360,a theory,,abs,
4361,an old horseman,,hum,
4362,the garden,,loc,
4363,their health,of 0361,abs,
4364,that,(events),abs,
4365,other people,,hum,
4366,other methods,,abs,
4367,a stallion horse,,anm,
4368,a filly foal,,anm,
4369,it,a colt foal,anm,
4370,him,spearmint from 0369,inm,
4371,spearmint,from 0368,inm,
4372,a horse,,anm,
4373,that oil,made from 0370,mss,
4374,their place,of 0185,loc,
4375,their name,of 0185,abs,
4376,a stick,,inm,
4377,a little spike,,inm,
4378,the end,of 0376,loc,
4379,the shoulder,,bdp,
4380,that old bullock,,anm,
4381,that,(events),abs,
4382,that,(events),abs,
4383,that,(events),abs,
4384,that,(events),abs,
4385,a whip,,inm,
4386,the back,of the wagon,loc,
4387,the wagon,,inm,
4388,the sheaves,,inm,
4389,a straw,,inm,
4390,a sheaf,,inm,
4391,the summertime,,tme,
4392,the warble fly,,anm,
4393,one,of their tails,bdp,
4394,their tails,of oxen,bdp,
4395,they,owner of 0393,anm,
4396,the others,,anm,
4397,the old bullock,,anm,
4398,a pond,,inm,
4399,a wood,,inm,
4400,oxen dealers,,hum,
4401,Wales,,loc,
4402,those,oxen speaker had,anm,
4403,that,Welsh Runts breed,abs,
4404,the inside,of their mouths,bdp,
4405,their mouths,of the oxen,bdp,
4406,their eyes,of the oxen,bdp,
4407,they,people,hum,
4408,some farmers,,hum,
4409,Herefords,oxen,anm,
4410,another one,a farmer,hum,
4411,all black ones,oxen,anm,
4412,another one,a farmer,hum,
4413,all red ones,oxen,anm,
4414,a team,at Gassonbury,anm,
4415,Glassonbury,,loc,
4416,Goudhurst,,loc,
4417,a team,at Hawkhurst,anm,
4418,Hawkhurst,,loc,
4419,the Pipers,,hum,
4420,some red ones,two big old red steers,anm,
4421,four,oxen,anm,
4422,Mr Powter,,hum,
4423,sale,of Mr Powter's oxen,abs,
4424,the park,,loc,
4425,Tenterden,,loc,
4426,Lamb,an ox,anm,
4427,Lion,an ox,anm,
4428,one pair,Lamb and Lion,anm,
4429,the other,Earl and Marquis,anm,
4430,Earl,,anm,
4431,Marquis,,anm,
4432,Mr White,the auctioneer,hum,
4433,the farm,at Sissinghurst Castle,inm,
4434,there,farm of 0432,loc,
4435,they,ox traders,hum,
4436,four youngsters,oxen,anm,
4437,Cornwell Farm,,loc,
4438,Mr Brenton,,hum,
4439,others,other oxen,anm,
4440,Goddard,,hum,
4441,Green Farm,,loc,
4442,some,oxen,anm,
4443,they,people,hum,
4444,little plates,,inm,
4445,it,a little plate,inm,
4446,the outside,,loc,
4447,the hoof,of oxen,bdp,
4448,claws,of oxen,bdp,
4449,a little plate,,inm,
4450,the forge,,inm,
4451,a lot of 'em,oxen,anm,
4452,some straw,,mss,
4453,eight,oxen,anm,
4454,two of them,oxen,anm,
4455,their chin,of oxen,bdp,
4456,the wagon,,inm,
4458,what,they'd got to have,inm,
4459,some roots,,mss,
4460,some hay,,mss,
4461,straw,,mss,
4462,the old horsemen,,hum,
4463,a horse,,anm,
4464,other jobs,,abs,
4465,his chaff,,mss,
4466,his litter,,mss,
4467,his hay,,mss,
4468,that,(events),abs,
4469,that,(events),abs,
4470,they,,anm,
4471,a team of horses,,anm,
4472,the yard,,loc,
4473,that,(events),abs,
4474,what,they've got to have,inm,
4475,there,stable,loc,
4476,a bit of grub,,mss,
4477,the time,night come,tme,
4478,their tongue,of oxen,bdp,
4479,head,of oxen,bdp,
4480,any job,,abs,
4481,they,farmers,hum,
4482,their wagon,,inm,
4483,the carts,,inm,
4484,wagons,,inm,
4485,a pole,,inm,
4486,a wagon,,inm,
4487,the shafts,,inm,
4488,the yoke,,inm,
4489,a bow,,inm,
4490,that,yoke and bow,inm,
4491,a chain,,inm,
4492,the middle of 'em,,loc,
4493,a full team,of oxen,anm,
4494,one pair,of oxen,anm,
4495,the other,pair of oxen,anm,
4496,they,hard old times,tme,
4497,that,(events),abs,
4498,Benenden church,,inm,
4499,the belfry,,inm,
4500,the men,,hum,
4501,the ropes,,inm,
4502,that,(events),abs,
4503,one of 'em,,hum,
4504,that,(events),abs,
4505,the old ringers,,hum,
4506,it,ringing the bells,abs,
4507,the church,priests,hum,
4508,a young man,,hum,
4509,a meeting,,abs,
4510,sides men,,hum,
4511,big nobs,,hum,
4512,the parish,,abs,
4513,we,speaker and other ringers,hum,
4514,name,of speaker,abs,
4515,some of our people,,hum,
4516,our,speaker and family,hum,
4517,our people,family of speaker,hum,
4518,this here bell ringing,,abs,
4519,a man,Conell,hum,
4520,it,candles and a chandelier,inm,
4521,(zero),chandelier,inm,
4522,the middle,of the belfry,loc,
4523,ten candles,,inm,
4524,the bell,,inm,
4525,the bells,,inm,
4526,the clappers,,inm,
4527,these ropes,,inm,
4528,first one,of the ringers,hum,
4529,you,one of the ringers,hum,
4530,one boy,one of the ringers,hum,
4531,the stay,,inm,
4533,that,(events),abs,
4534,us,"speaker and ringer, sans 0530",hum,
4535,these candles,,inm,
4536,we,0513 and 0519,hum,
4537,a match,,inm,
4538,a candle,,inm,
4539,that,(events),abs,
4540,the band,,hum,
4541,a lot of them,,hum,
4542,the others,bellringers,hum,
4543,Sussex,,loc,
4544,they,ringers at Tenterden,hum,
4545,that,Tenterden church,loc,
4546,they,bells at Tenterden church,inm,
4547,there,Tenterden belfry,loc,
4548,they,church officials,hum,
4549,our,speaker and other students,hum,
4550,schoolmaster,Mr Gardener,hum,
4551,school,,inm,
4552,the choir,,abs,
4553,the organ,,inm,
4554,these services,,abs,
4555,weddings,,abs,
4556,the Earl of Cranbrook,,hum,
4557,new ropes,,inm,
4558,they,Earl and family,hum,
4559,our,speaker and people in Benenden,hum,
4560,our old vicar,George Dolben,hum,
4561,Hemsted Park,,loc,
4562,all the schools,,hum,
4563,a good day,,abs,
4564,swings,,inm,
4565,the trees,,inm,
4566,the old wooden horse,,inm,
4567,a prize,,inm,
4568,they,days,tme,
4569,it,(events),abs,
4570,the South African war,the Boer War,abs,
4571,a victory,,abs,
4572,they,British soldiers in 0570,hum,
4573,a place,in South Africa,loc,
4574,half a day's holiday,,abs,
4575,that,(events),abs,
4576,Mafeking,,loc,
4577,they,soldiers at 0576,hum,
4578,half a day's holiday,,abs,
4579,that,(events),abs,
4580,the flags,,inm,
4581,the trees,,inm,
4582,church tower,,inm,
4583,Queen Victoria,,hum,
4584,reign,of Queen Victoria,abs,
4585,her jubilee,of Queen Victoria,abs,
4586,a tea,party,inm,
4587,the village green,,loc,
4588,the tables,,inm,
4589,all the nice things,,inm,
4590,they,organisers of 0586,hum,
4591,a young girl,Amy Haynes,hum,
4592,we,speaker and 0591,hum,
4593,that,(events),abs,
4594,the seat,,inm,
4595,that,(events),abs,
4596,that,(events),abs,
4597,all these little things,,abs,
4598,knives,,inm,
4599,bicycle chains,,inm,
4600,that,(events),abs,
4601,some people,,hum,
4602,Good Friday,,abs,
4603,that,(events),abs,
4604,old Mr Newman,,hum,
4605,the farm,at 0159,inm,
4606,his men,of 0604,hum,
4607,their day's pay,of 0606,inm,
4608,the garden,,loc,
4609,some of 'em,,hum,
4610,a lot of these farmers,,hum,
4611,these farmers,,hum,
4612,an election,,abs,
4613,he,farmer,hum,
4614,that,(events),abs,
4615,those men,,hum,
4616,your employer,,hum,
4617,your employer,of 0000,hum,
4618,that,(events),abs,
4619,we,speaker and other people,hum,
4620,Tory government,,abs,
4621,some of 'em,,hum,
4622,a lot of 'em,,hum,
4623,the Liberals,,hum,
4624,the working man,,hum,
4625,Lloyd George,,hum,
4626,us,speaker and other working men,hum,
4627,our money,,inm,
4628,the finest statesmen,,hum,
4629,Britain,,abs,
